id,name,rating,address,city,latitude,longitude
89,puppy-bobar-san-francisco,5.0,1142 Grant Ave,      San Francisco,37.80,122.41
128,qteabar-oakland,5.0,478 Lake Park Ave,      Oakland,37.81,122.25
147,bobateani-san-jose,5.0,75 E Santa Clara St,      San Jose,37.34,121.89
365,taza-deli-and-cafe-redwood-city,5.0,1796 Broadway,      Redwood City,37.49,122.22
368,mr-green-bubble-sunnyvale,5.0,1255 S Mary Ave,      Sunnyvale,37.35,122.05
397,i-tea-burlingame-2,5.0,346 Lorton Ave,      Burlingame,37.58,122.35
426,waterfront-cafe-burlingame,5.0,500 Airport Blvd,      Burlingame,37.59,122.34
505,golden-bakery-pittsburg,5.0,2229 Railroad Ave,      Pittsburg,38.01,121.89
533,honey-bear-smoothie-tea-and-dessert-hayward,5.0,1 Southland Mall Dr,      Hayward,37.65,122.10
0,99-tea-house-fremont-2,4.5,3623 Thornton Ave,      Fremont,37.56,122.01
1,one-tea-fremont-2,4.5,46809 Warm Springs Blvd,      Fremont,37.49,121.93
3,teco-tea-and-coffee-bar-fremont,4.5,39030 Paseo Padre Pkwy,      Fremont,37.55,121.98
7,happy-lemon-fremont-2,4.5,46873 Warm Spring Blvd,      Fremont,37.49,121.93
44,teatop-milpitas,4.5,82 Ranch Dr,      Milpitas,37.43,121.92
45,ten-ren-tea-co-of-milpitas-milpitas,4.5,1732 N Milpitas Blvd,      Milpitas,37.46,121.91
56,i-tea-san-francisco-3,4.5,253 Kearny St,      San Francisco,37.79,122.40
59,steap-tea-bar-san-francisco-3,4.5,827 Sacramento St,      San Francisco,37.79,122.41
61,omg-tea-san-francisco,4.5,2891 San Bruno Ave,      San Francisco,37.73,122.40
70,wondertea-san-francisco-4,4.5,2250 Irving St,      San Francisco,37.76,122.48
71,the-boba-shop-san-francisco-4,4.5,2071 3rd St,      San Francisco,37.76,122.39
75,tea-hut-san-francisco-2,4.5,2815 California St,      San Francisco,37.79,122.44
77,tancca-san-francisco-3,4.5,5015 Geary Blvd,      San Francisco,37.78,122.47
82,keep-it-san-francisco-6,4.5,1170 Powell St,      San Francisco,37.80,122.41
91,little-heaven-deli-san-francisco,4.5,2348 Mission St,      San Francisco,37.76,122.42
92,5-sweets-san-francisco,4.5,1125 Ocean Ave 102,      San Francisco,37.72,122.45
93,good-earth-cafe-san-francisco-2,4.5,835 Kearny St,      San Francisco,37.80,122.41
120,quickly-oakland-4,4.5,1243 33rd Ave,      Oakland,37.78,122.23
129,the-burrow-brisbane-4,4.5,109 Visitacion,      Brisbane,37.68,122.40
130,sweet-belly-oakland,4.5,435 19th St,      Oakland,37.81,122.27
132,alice-street-bakery-café-oakland-2,4.5,251 10th St,      Oakland,37.80,122.27
144,happy-lemon-san-jose-5,4.5,3005 Silver Creek Rd,      San Jose,37.31,121.81
154,katea-san-jose,4.5,5700 Village Oaks Dr,      San Jose,37.25,121.85
159,happy-lemon-cupertino,4.5,20488 Stevens Creek Blvd,      Cupertino,37.32,122.03
173,sweet-gelato-tea-lounge-san-jose,4.5,979 Story Rd,      San Jose,37.33,121.86
182,heritage-eats-napa,4.5,3824 Bel Aire Plz,      Napa,38.32,122.31
191,palm-thai-bistro-fairfield,4.5,5089 Business Center Dr,      Fairfield,38.22,122.14
196,baotea-cafe-pleasanton-2,4.5,6654 Koll Center Pkwy,      Pleasanton,37.66,121.90
223,new-thai-bistro-pleasanton-2,4.5,4301 D Valley Ave,      Pleasanton,37.68,121.88
244,fusion-mix-frozen-yogurt-fremont-2,4.5,4144 Walnut Ave,      Fremont,37.54,121.98
249,storm-crepes-newark,4.5,39658 Cedar Blvd,      Newark,37.52,122.00
250,sweet-orchid-fremont,4.5,34460 Fremont Blvd,      Fremont,37.58,122.04
255,teaquation-redwood-city,4.5,1036 El Camino Real,      Redwood City,37.48,122.23
257,sweet-spot-castro-valley,4.5,20669 Santa Maria Ave,      Castro Valley,37.70,122.08
266,happy-lemon-cupertino-5,4.5,10963 N Wolfe Rd,      Cupertino,37.34,122.02
270,calibear-cyber-cafe-sunnyvale-6,4.5,1336 S Mary Ave,      Sunnyvale,37.35,122.05
273,gong-cha-sunnyvale,4.5,1641 Hollenbeck Ave,      Sunnyvale,37.34,122.04
280,the-tea-zone-and-fruit-bar-mountain-view,4.5,805 El Camino Real,      Mountain View,37.39,122.08
291,sunnywich-cafe-sunnyvale,4.5,223 East Maude Ave,      Sunnyvale,37.39,122.02
302,orange-tea-livermore,4.5,6033 Northfront Rd,      Livermore,37.71,121.72
314,chilly-and-munch-mountain-view,4.5,2101 Showers Dr,      Mountain View,37.41,122.11
319,teaspoon-palo-alto-7,4.5,2675 Middlefield Rd,      Palo Alto,37.43,122.13
324,poke-xpress-milpitas,4.5,1236 S Abel St,      Milpitas,37.41,121.90
335,happiness-cafe-san-jose,4.5,1688 Hostetter Rd,      San Jose,37.39,121.88
342,honeyberry-san-jose-9,4.5,3655 N 1st St,      San Jose,37.41,121.95
347,davidstea-palo-alto-2,4.5,318 University Ave,      Palo Alto,37.45,122.16
351,chantal-guillon-macarons-and-teas-palo-alto-2,4.5,444 University Ave,      Palo Alto,37.45,122.16
382,world-wrapps-2-0-santa-clara,4.5,3125 Mission College Blvd,      Santa Clara,37.39,121.98
386,tiger-tea-and-juice-burlingame-3,4.5,1803 El Camino Real,      Burlingame,37.59,122.38
387,aqua-club-dessert-and-beverage-san-bruno,4.5,440 San Mateo Ave,      San Bruno,37.62,122.41
412,snacks-san-mateo-2,4.5,31 N B St,      San Mateo,37.57,122.33
414,mints-and-honey-san-carlos,4.5,1524 El Camino Real,      San Carlos,37.50,122.25
415,bambu-millbrae-2,4.5,203 El Camino Real,      Millbrae,37.60,122.39
417,kingkat-bar-and-eatery-san-mateo-2,4.5,33 W 25th Ave,      San Mateo,37.54,122.31
419,antoines-cookie-shop-san-mateo-3,4.5,220 2nd Ave,      San Mateo,37.57,122.32
428,jougert-bar-burlingame,4.5,1115 Burlingame Ave,      Burlingame,37.58,122.35
432,quickly-millbrae-4,4.5,325 El Camino Real,      Millbrae,37.60,122.39
442,teazentea-brentwood-3,4.5,1135 2nd St,      Brentwood,37.94,121.70
446,okashi-fusion-vacaville,4.5,1679 E Monte Vista Ave,      Vacaville,38.37,121.96
461,quickly-brentwood-brentwood,4.5,2415 Empire Ave,      Brentwood,37.96,121.73
464,easel-davis-2,4.5,620 W Covell Blvd,      Davis,38.56,121.76
468,skyview-noodle-and-tea-pittsburg-3,4.5,200 E 3rd St,      Pittsburg,38.03,121.88
471,rrags-caffe-benicia,4.5,1383 E 2nd St,      Benicia,38.05,122.15
474,going-green-martinez,4.5,1160 Arnold Dr,      Martinez,37.99,122.10
485,i-tea-moraga-3,4.5,1460 Moraga Rd,      Moraga,37.84,122.13
492,cornology-walnut-creek-3,4.5,1349 Locust St,      Walnut Creek,37.90,122.06
496,blue-saigon-pittsburg,4.5,2243 Railroad Ave,      Pittsburg,38.01,121.89
502,aung-maylika-benicia-4,4.5,836 Southampton Rd,      Benicia,38.07,122.17
507,tangelo-frozen-yogurt-moraga,4.5,384 Park St,      Moraga,37.86,122.13
524,aloha-pure-water-shaved-ice-san-pablo,4.5,2300 El Portal Dr,      San Pablo,37.97,122.34
525,world-wrapps-corte-madera-7,4.5,208 Corte Madera Town Ctr,      Corte Madera,37.93,122.52
532,sivans-cafe-hayward,4.5,766 A St,      Hayward,37.67,122.09
542,saratoga-bagels-saratoga,4.5,12840 Saratoga Sunnyvale Rd,      Saratoga,37.28,122.03
544,steepers-campbell,4.5,346 E Campbell Ave,      Campbell,37.29,121.94
550,menchies-frozen-yogurt-vallejo,4.5,972 Admiral Callaghan Ln,      Vallejo,38.13,122.22
551,starbread-bakery-vallejo,4.5,3718 Sonoma Blvd,      Vallejo,38.13,122.25
558,pho-saigon-village-noodle-house-vallejo,4.5,3636 Sonoma Blvd,      Vallejo,38.12,122.25
581,milk-and-cookie-bar-castro-valley-3,4.5,18911 Lake Chabot Rd,      Castro Valley,37.71,122.09
590,banh-mi-ba-le-oakland,4.5,1909 International Blvd,      Oakland,37.79,122.24
591,pokeatery-castro-valley,4.5,18911 Lake Chabot Rd,      Castro Valley,37.71,122.09
593,worlds-fare-donuts-hayward,4.5,20770 Hesperian Blvd,      Hayward,37.67,122.12
2,royaltea-usa-fremont,4.0,38509 Fremont Blvd,      Fremont,37.55,121.99
4,t-lab-fremont-3,4.0,34133 Fremont Blvd,      Fremont,37.58,122.04
5,q-tea-monster-newark,4.0,39181 Cedar Blvd,      Newark,37.52,122.01
6,gong-cha-fremont,4.0,46827 Warm Springs Blvd,      Fremont,37.49,121.93
11,tea-island-fremont-2,4.0,46196 Warm Springs Blvd,      Fremont,37.49,121.93
14,i-tea-newark,4.0,34925 Newark Blvd,      Newark,37.55,122.05
15,sharetea-fremont-2,4.0,3948 Washington Blvd,      Fremont,37.53,121.96
17,mandro-teahouse-newark-3,4.0,34956 Newark Blvd,      Newark,37.55,122.05
18,gong-cha-newark,4.0,39730 Cedar Blvd,      Newark,37.52,122.00
27,tea-era-mountain-view-2,4.0,271 Castro St,      Mountain View,37.39,122.08
28,teaspoon-los-altos,4.0,4546 El Camino Real,      Los Altos,37.40,122.11
30,my-delights-fremont,4.0,43486 Ellsworth St,      Fremont,37.53,121.92
32,sno-crave-teahouse-union-city,4.0,1788 Decoto Rd,      Union City,37.59,122.02
34,tastea-san-jose-2,4.0,1160 N Capitol Ave,      San Jose,37.39,121.86
35,i-tea-castro-valley,4.0,20666 Redwood Rd,      Castro Valley,37.70,122.07
37,tea-villa-milpitas,4.0,1679 N Milpitas Blvd,      Milpitas,37.45,121.91
39,pop-tea-bar-palo-alto-2,4.0,456 Cambridge Ave,      Palo Alto,37.43,122.15
40,i-tea-milpitas,4.0,760 E Calaveras Blvd,      Milpitas,37.43,121.89
42,sweet-coco-fremont-3,4.0,46164 Warm Springs Blvd,      Fremont,37.49,121.93
46,fantasia-coffee-and-tea-milpitas-2,4.0,528 Barber Ln,      Milpitas,37.42,121.92
48,gong-cha-palo-alto,4.0,439 Waverley St,      Palo Alto,37.45,122.16
49,sharetea-san-leandro-3,4.0,699 Lewelling Blvd,      San Leandro,37.69,122.14
50,boba-guys-san-francisco-6,4.0,429 Stockton St,      San Francisco,37.79,122.41
51,boba-guys-san-francisco-4,4.0,3491 19th St,      San Francisco,37.76,122.42
52,wonderful-dessert-and-cafe-san-francisco-2,4.0,2035 Irving St,      San Francisco,37.76,122.48
53,little-sweet-san-francisco-10,4.0,3836 Geary Blvd,      San Francisco,37.78,122.46
54,teaspoon-san-francisco,4.0,2125 Polk St,      San Francisco,37.80,122.42
55,boba-guys-san-francisco-10,4.0,1522 Fillmore St,      San Francisco,37.78,122.43
57,boba-guys-san-francisco-7,4.0,8 Octavia St,      San Francisco,37.77,122.42
62,asha-tea-house-san-francisco,4.0,17 Kearny St,      San Francisco,37.79,122.40
63,super-cue-cafe-san-francisco,4.0,1139 Taraval St,      San Francisco,37.74,122.48
64,boba-guys-san-francisco-15,4.0,1002 16th St,      San Francisco,37.77,122.40
66,steep-san-francisco-2,4.0,240 Ritch St,      San Francisco,37.78,122.40
67,mr-t-cafe-san-francisco,4.0,4689 Mission St,      San Francisco,37.72,122.44
69,tj-cups-san-francisco-5,4.0,2437 Noriega St,      San Francisco,37.75,122.49
72,steep-creamery-and-tea-san-francisco,4.0,270 Brannan St,      San Francisco,37.78,122.39
86,homeplate-boba-san-francisco,4.0,131-155 King St,      San Francisco,37.78,122.39
97,fifty-fifty-coffee-and-tea-san-francisco,4.0,3157 Geary Blvd,      San Francisco,37.78,122.45
99,bambu-san-francisco-3,4.0,6050 Geary Blvd,      San Francisco,37.78,122.48
100,i-tea-oakland,4.0,388 9th St,      Oakland,37.80,122.27
102,t-and-bowl-oakland,4.0,901 Franklin St,      Oakland,37.80,122.27
103,u-cha-berkeley,4.0,2199 Bancroft Way,      Berkeley,37.87,122.27
104,the-sweet-booth-oakland,4.0,388 9th St,      Oakland,37.80,122.27
105,asha-tea-house-berkeley,4.0,2086 University Ave,      Berkeley,37.87,122.27
106,i-tea-alameda,4.0,1626 Park St,      Alameda,37.77,122.24
108,wing-man-oakland-3,4.0,5295 College Ave,      Oakland,37.84,122.25
109,sharetea-berkeley,4.0,2440 Bancroft Way,      Berkeley,37.87,122.26
110,happy-lemon-berkeley-berkeley,4.0,2106 Shattuck Ave,      Berkeley,37.87,122.27
111,milk-tea-lab-pleasant-hill,4.0,1972 Contra Costa Blvd,      Pleasant Hill,37.95,122.06
112,boba-ninja-berkeley,4.0,2519B Durant Ave,      Berkeley,37.87,122.26
116,i-tea-walnut-creek-3,4.0,1245 N Broadway,      Walnut Creek,37.90,122.06
118,gelato-firenze-and-qtea-bar-oakland,4.0,478 Lake Park Ave,      Oakland,37.81,122.25
119,tea-delight-alameda-2,4.0,650 Central Ave,      Alameda,37.77,122.28
121,i-tea-san-leandro-2,4.0,177 Pelton Ctr Way,      San Leandro,37.72,122.15
123,tea-press-berkeley-2,4.0,2552 Bancroft Way,      Berkeley,37.87,122.26
124,taiwan-bento-oakland-4,4.0,412 22nd St,      Oakland,37.81,122.27
135,bubble-tea-share-time-berkeley,4.0,1938 Shattuck Ave,      Berkeley,37.87,122.27
137,pekoe-san-jose,4.0,3276 S White Rd,      San Jose,37.31,121.79
138,tea-lyfe-drinks-san-jose-3,4.0,989 Story Rd,      San Jose,37.33,121.86
139,teahee-san-jose,4.0,979 Story Rd,      San Jose,37.33,121.86
140,boba-pub-san-jose,4.0,1576 Branham Ln,      San Jose,37.25,121.90
141,teaspoon-san-jose-2,4.0,4328 Moorpark Ave,      San Jose,37.32,121.98
142,passion-t-snacks-and-desserts-san-jose,4.0,2266 Senter Rd,      San Jose,37.31,121.85
143,pop-up-tea-coffee-and-snacks-san-jose,4.0,185 Branham Ln,      San Jose,37.27,121.83
146,sinceretea-san-jose-2,4.0,392 E Taylor St,      San Jose,37.35,121.89
148,soyful-desserts-san-jose-2,4.0,999 Story Rd,      San Jose,37.33,121.86
149,one-tea-san-jose-4,4.0,231 E Santa Clara St,      San Jose,37.34,121.89
150,i-tea-san-jose,4.0,2936 Aborn Square Rd,      San Jose,37.31,121.81
152,createave-cafe-san-jose-4,4.0,1698 Hostetter Rd,      San Jose,37.39,121.88
153,tleaf-teapresso-san-jose-3,4.0,860 Blossom Hill Rd,      San Jose,37.25,121.86
155,teatop-san-jose-2,4.0,6158 Bollinger Rd,      San Jose,37.31,122.01
156,bubbly-san-jose-4,4.0,1816 Tully Rd,      San Jose,37.32,121.82
157,vampire-penguin-featuring-jastea-san-jose,4.0,2671 Cropley Ave,      San Jose,37.40,121.88
158,simply-boba-san-jose,4.0,3005 Silver Creek Rd,      San Jose,37.31,121.81
161,shincha-tea-san-jose-3,4.0,2487 Alvin Ave,      San Jose,37.32,121.83
162,sharetea-santa-clara-3,4.0,1171 Homestead Rd,      Santa Clara,37.35,121.95
163,chatime-san-jose-san-jose-3,4.0,311 N Capitol Ave,      San Jose,37.37,121.85
165,t-spot-boba-drinks-and-snacks-san-jose,4.0,2520 Berryessa Rd,      San Jose,37.39,121.86
166,meow-tea-san-jose,4.0,2857 Senter Rd,      San Jose,37.30,121.84
170,bfresh-snacks-and-drinks-san-jose,4.0,3005 Silver Creek Rd,      San Jose,37.31,121.81
171,beibay-tea-san-jose,4.0,1180 Blossom Hill Rd,      San Jose,37.25,121.88
176,soyful-desserts-san-jose-8,4.0,3005 Silver Creek Rd,      San Jose,37.31,121.81
177,oooh-san-jose-4,4.0,1783 E Capitol Expwy,      San Jose,37.31,121.81
178,the-tea-zone-lounge-san-jose,4.0,403 N Capitol Ave,      San Jose,37.37,121.85
180,tapioca-express-san-jose-8,4.0,81 Curtner Ave,      San Jose,37.30,121.86
184,morimoto-napa-napa,4.0,610 Main St,      Napa,38.30,122.28
190,sushi-grill-vallejo,4.0,5184 Sonoma Blvd,      Vallejo,38.15,122.25
195,westea-pleasanton,4.0,4233 Rosewood Dr,      Pleasanton,37.70,121.87
197,i-tea-dublin-dublin,4.0,4064 Grafton St,      Dublin,37.70,121.87
199,i-tea-pleasanton,4.0,915 Main St,      Pleasanton,37.67,121.87
201,tea-factory-dublin-2,4.0,8945 San Ramon Rd,      Dublin,37.72,121.94
202,icicles-pleasanton,4.0,600 Main St,      Pleasanton,37.66,121.88
203,sharetea-dublin-3,4.0,7375 Amador Valley Blvd,      Dublin,37.71,121.93
208,360-crepes-pleasanton-3,4.0,3120 Santa Rita Rd,      Pleasanton,37.69,121.88
210,i-tea-san-ramon-3,4.0,21001 San Ramon Valley Blvd,      San Ramon,37.72,121.94
213,cafe-taiwan-pleasanton-9,4.0,3550 Stanley Blvd,      Pleasanton,37.67,121.86
214,cafe-junction-pleasanton-3,4.0,5321 Hopyard Rd,      Pleasanton,37.70,121.90
215,o-honey-dublin,4.0,3862 Fallon Rd,      Dublin,37.70,121.85
216,the-mix-creamery-dublin-2,4.0,6601 Dublin Blvd,      Dublin,37.70,121.91
217,tasty-pot-dublin,4.0,4288 Dublin Blvd,      Dublin,37.70,121.88
220,menchies-frozen-yogurt-dublin,4.0,3742 Fallon Rd,      Dublin,37.70,121.85
221,blossom-bee-dublin,4.0,7335 Village Pkwy,      Dublin,37.71,121.93
225,kee-wah-bakery-dublin,4.0,4288 Dublin Blvd,      Dublin,37.70,121.88
226,blush-organic-frozen-yogurt-dublin,4.0,4640 Tassajara Rd,      Dublin,37.71,121.87
230,yogurtland-dublin,4.0,6851 Amador Plz Rd,      Dublin,37.71,121.93
233,pho-99-dublin-5,4.0,7459 Amador Valley Blvd,      Dublin,37.71,121.93
234,tandoori-pizza-dublin,4.0,4060 Grafton St,      Dublin,37.70,121.87
236,amakara-dublin,4.0,7222 Regional St,      Dublin,37.71,121.93
241,tasty-pot-newark,4.0,34909 Newark Blvd,      Newark,37.55,122.05
242,icicles-newark,4.0,39055 Cedar Blvd,      Newark,37.52,122.01
245,crepe-bar-newark,4.0,2078 Newpark Mall,      Newark,37.53,122.00
251,jenjons-cafe-union-city,4.0,1704 Decoto Rd,      Union City,37.59,122.02
252,k-pop-cafe-fremont,4.0,35041 Fremont Blvd,      Fremont,37.57,122.03
254,boba-guys-san-carlos-2,4.0,872 Laurel St,      San Carlos,37.50,122.26
259,sharetea-palo-alto-2,4.0,540 Bryant St,      Palo Alto,37.45,122.16
260,chatime-redwood-city-2,4.0,2202 Broadway St,      Redwood City,37.49,122.23
261,eko-coffee-bar-and-tea-house-hayward,4.0,1075 B St,      Hayward,37.67,122.08
262,tea-era-cupertino,4.0,20916 Homestead Rd,      Cupertino,37.34,122.04
263,fantasia-coffee-and-tea-cupertino,4.0,10933 N Wolfe Rd,      Cupertino,37.34,122.02
267,ten-ren-tea-cupertino,4.0,10881 N Wolfe Rd,      Cupertino,37.34,122.01
275,t4-cupertino-cupertino,4.0,19505 Stevens Creek Blvd,      Cupertino,37.32,122.01
276,sharetea-sunnyvale-3,4.0,568 El Camino Real,      Sunnyvale,37.36,122.03
279,bubble-tea-time-saratoga,4.0,18564 Prospect Rd,      Saratoga,37.29,122.00
281,teaspoon-santa-clara-7,4.0,3450 El Camino Real,      Santa Clara,37.35,121.99
282,beastea-santa-clara,4.0,2785 El Camino Real,      Santa Clara,37.35,121.98
284,tea-annie-mountain-view,4.0,1712 Miramonte Ave,      Mountain View,37.37,122.09
288,matcha-love-san-jose-6,4.0,675 Saratoga Ave,      San Jose,37.31,121.98
290,icicles-cupertino,4.0,19622 Stevens Creek Blvd,      Cupertino,37.32,122.02
298,butterfly-santa-clara,4.0,1000 Lafayette St,      Santa Clara,37.35,121.94
300,california-mochi-santa-clara-4,4.0,3030 El Camino Real,      Santa Clara,37.35,121.98
301,t4-livermore-livermore-2,4.0,4010 E Ave,      Livermore,37.68,121.75
303,big-fat-straw-cafe-livermore-2,4.0,980 Murrieta Blvd,      Livermore,37.68,121.79
304,donut-wheel-livermore,4.0,2017 1st St,      Livermore,37.68,121.77
306,saigon-cafe-livermore,4.0,2011 2nd St,      Livermore,37.68,121.77
308,menchies-frozen-yogurt-livermore,4.0,973 E Stanley Blvd,      Livermore,37.68,121.78
309,la-farfalla-bakery-fremont,4.0,39947 Mission Blvd,      Fremont,37.56,121.95
310,ice3-creamery-fremont,4.0,39957 Mission Blvd,      Fremont,37.56,121.95
311,yogurt-shop-danville,4.0,3450 Camino Tassajara Rd,      Danville,37.80,121.92
312,bean-scene-cafe-fremont-2,4.0,4000 Bay St,      Fremont,37.53,121.96
313,yogurtland-san-ramon,4.0,152 Sunset Dr,      San Ramon,37.76,121.96
320,teaspoon-milpitas,4.0,201 W Calaveras Blvd,      Milpitas,37.43,121.91
323,bcute-tea-drinks-and-finger-foods-milpitas-2,4.0,200 Serra Way,      Milpitas,37.43,121.91
325,happy-lemon-milpitas-6,4.0,279 W Calaveras Blvd,      Milpitas,37.43,121.91
326,yummi-tea-cafe-san-jose-3,4.0,2191 Morrill Ave,      San Jose,37.41,121.88
332,the-pennywort-san-jose-5,4.0,2056 N Capitol Ave,      San Jose,37.41,121.89
333,bambu-san-jose-9,4.0,1688 Hostetter Rd,      San Jose,37.39,121.88
340,shihlin-taiwan-street-snacks-milpitas,4.0,522 Barber Ln,      Milpitas,37.42,121.92
343,aroma-coffee-and-snacks-milpitas,4.0,1535 Landess Ave,      Milpitas,37.42,121.88
344,teatime-redwood-city,4.0,1003 El Camino Real,      Redwood City,37.48,122.23
345,comebuy-drinks-redwood-city,4.0,2074 Broadway,      Redwood City,37.49,122.23
346,teaspoon-redwood-city,4.0,2361 Broadway St,      Redwood City,37.49,122.23
349,bare-bowls-palo-alto,4.0,530 Emerson St,      Palo Alto,37.44,122.16
354,fraiche-palo-alto-2,4.0,200 Hamilton Ave,      Palo Alto,37.44,122.16
358,ohana-express-redwood-city-2,4.0,640 Woodside Rd,      Redwood City,37.47,122.22
359,yogurtland-palo-alto,4.0,494 University Ave,      Palo Alto,37.45,122.16
367,froyola-redwood-city,4.0,2206 Broadway St,      Redwood City,37.49,122.23
373,green-leaf-asian-bistro-and-cafe-redwood-city-2,4.0,865 Middlefield Rd,      Redwood City,37.49,122.23
376,cocohodo-sunnyvale-2,4.0,1082 E El Camino Real,      Sunnyvale,37.35,122.00
388,bobabia-san-mateo,4.0,271 - 273 Baldwin Ave,      San Mateo,37.57,122.33
389,happy-lemon-burlingame-4,4.0,1419 Burlingame Ave,      Burlingame,37.58,122.35
390,eggettes-south-san-francisco,4.0,639 El Camino Real,      South San Francisco,37.65,122.43
391,tpumps-burlingame,4.0,1118 Burlingame Ave,      Burlingame,37.58,122.35
392,teaspoon-san-mateo,4.0,128 E 3rd Ave,      San Mateo,37.56,122.32
393,cha-express-san-mateo,4.0,212 E 3rd Ave,      San Mateo,37.56,122.32
394,search-tea-millbrae-5,4.0,105 Park Blvd,      Millbrae,37.61,122.40
395,tea-world-pacifica,4.0,90 Eureka Sq,      Pacifica,37.63,122.49
399,eggettes-millbrae-2,4.0,979 Broadway,      Millbrae,37.60,122.40
403,bambu-san-mateo-2,4.0,153 South B St,      San Mateo,37.57,122.32
404,eggettes-san-mateo,4.0,47 S B St,      San Mateo,37.57,122.32
406,tpumps-foster-city,4.0,985 E Hillsdale Blvd,      Foster City,37.56,122.27
407,creme-brewlee-san-mateo-2,4.0,2948 S Norfolk St,      San Mateo,37.54,122.29
411,ya-ua-yogurt-and-boba-tea-belmont-2,4.0,1090 Alameda De Las Pulgas,      Belmont,37.51,122.29
416,icicles-san-mateo,4.0,222 E 3rd Ave,      San Mateo,37.57,122.32
421,moo-moo-yogurt-foster-city,4.0,969F Edgewater Blvd,      Foster City,37.54,122.27
422,clear-optometry-san-mateo,4.0,138 E 3rd Ave,      San Mateo,37.56,122.32
424,cream-san-mateo,4.0,134 S B St,      San Mateo,37.57,122.32
425,poke-island-creasian-kitchen-san-mateo,4.0,43 S B St,      San Mateo,37.57,122.32
429,mini-coffee-san-mateo-2,4.0,800 S B St,      San Mateo,37.56,122.32
431,ramen-dojo-san-mateo,4.0,805 S B St,      San Mateo,37.56,122.32
435,peace-love-and-boba-vacaville,4.0,3083 Alamo Dr,      Vacaville,38.34,121.95
436,halo-halo-bar-and-boba-station-suisun-city,4.0,303 Lawler Ctr Dr,      Suisun City,38.24,122.02
438,tutti-frutti-fairfield-2,4.0,3334 N Texas St,      Fairfield,38.29,122.03
439,sharetea-concord-3,4.0,1850 Mount Diablo St,      Concord,37.98,122.03
440,i-tea-pittsburg,4.0,2121 Loveridge Rd,      Pittsburg,38.01,121.87
444,mandro-teahouse-davis,4.0,1260 Lake Blvd,      Davis,38.55,121.79
447,cafe-tapioca-hercules,4.0,1581 Sycamore Ave,      Hercules,38.01,122.27
448,pho-saigon-no-1-vietnamese-restaurant-fairfield-2,4.0,1972 N Texas St,      Fairfield,38.27,122.03
449,ontap-davis,4.0,825 Russell Blvd,      Davis,38.55,121.76
450,t4-antioch-12,4.0,4532 Lone Tree Way,      Antioch,37.97,121.78
454,t4-san-pablo-3,4.0,13350 San Pablo Ave,      San Pablo,37.95,122.33
462,t4-davis-3,4.0,132 E St,      Davis,38.54,121.74
463,bangkok-paradise-fairfield,4.0,3344 N Texas St,      Fairfield,38.29,122.03
466,the-old-teahouse-davis-3,4.0,825 Russell Blvd,      Davis,38.55,121.76
472,yumygurt-pinole,4.0,2701 Pinole Valley Rd,      Pinole,38.00,122.29
477,ice-monster-walnut-creek,4.0,2230 Oak Grove Rd,      Walnut Creek,37.93,122.02
481,cool-tea-bar-danville-4,4.0,251 Hartz Ave,      Danville,37.82,122.00
486,panache-caffe-lafayette,4.0,3653 Mt Diablo Blvd,      Lafayette,37.89,122.13
487,coco-swirl-pleasant-hill,4.0,35 Crescent Dr,      Pleasant Hill,37.95,122.06
489,hello-pho-concord,4.0,1701 Monument Blvd,      Concord,37.96,122.04
490,harvest-house-concord,4.0,2395 Monument Blvd,      Concord,37.96,122.04
500,pho-huynh-hiep-6-kevins-noodle-house-walnut-creek,4.0,2034 N Main St,      Walnut Creek,37.91,122.06
504,yogurtland-pleasant-hill,4.0,2390 Monument Blvd,      Pleasant Hill,37.94,122.06
506,tutti-frutti-montclair-oakland,4.0,2066 Mountain Blvd,      Oakland,37.83,122.21
509,lv-vietnamese-pho-and-sandwiches-vallejo,4.0,2621 Springs Rd,      Vallejo,38.11,122.21
510,korea-house-concord,4.0,1835 Willow Pass Rd,      Concord,37.98,122.04
512,lulus-kitchen-concord,4.0,1657 Willow Pass Rd,      Concord,37.97,122.04
516,viet-nam-noodle-house-antioch-4,4.0,3676 Delta Fair Blvd,      Antioch,38.00,121.84
519,ten-ren-tea-co-richmond,4.0,3288 Pierce St,      Richmond,37.90,122.31
534,sharetea-san-ramon,4.0,2441 San Ramon Valley Blvd,      San Ramon,37.77,121.98
537,8-twelve-oriental-market-san-leandro,4.0,596 E 14th St,      San Leandro,37.73,122.16
538,polaris-ice-cream-rolls-hayward,4.0,595 Southland Mall,      Hayward,37.65,122.11
552,pho-1-vallejo,4.0,3885 Sonoma Blvd,      Vallejo,38.13,122.26
561,tacos-jalisco-vallejo,4.0,3420 Sonoma Blvd,      Vallejo,38.12,122.25
562,menchies-frozen-yogurt-belmont-2,4.0,1200 El Camino Real,      Belmont,37.52,122.27
563,fashion-wok-foster-city,4.0,929 A Edgewater Blvd,      Foster City,37.55,122.27
579,cafe-sorriso-san-leandro,4.0,1501 Washington Ave,      San Leandro,37.72,122.16
582,sweet-dee-cupcakes-and-snow-ice-san-leandro,4.0,109 Pelton Ctr Way,      San Leandro,37.72,122.15
594,taqueria-los-pericos-san-leandro,4.0,1389 E 14th St,      San Leandro,37.72,122.16
597,r-and-d-cafe-san-lorenzo,4.0,15813 Channel St,      San Lorenzo,37.68,122.14
598,munch-hayward,4.0,27560 Tampa Ave,      Hayward,37.63,122.08
600,yo-bowl-hayward,4.0,8 Southland Mall,      Hayward,37.65,122.10
601,yogurt-hill-hayward-4,4.0,1081 B St,      Hayward,37.67,122.08
8,factory-tea-bar-fremont-2,3.5,46461 Mission Blvd,      Fremont,37.49,121.93
9,super-cue-cafe-fremont,3.5,43743 Boscell Rd,      Fremont,37.50,121.97
10,milk-and-honey-cafe-fremont,3.5,34265 Fremont Blvd,      Fremont,37.58,122.04
12,taro-taro-dessert-and-tea-house-fremont,3.5,6018 Stevenson Blvd,      Fremont,37.52,121.99
13,i-tea-fremont-2,3.5,43421 Christy St,      Fremont,37.50,121.97
16,urbain-tea-fremont,3.5,1590 Washington Blvd,      Fremont,37.53,121.94
19,tea-six-fremont-2,3.5,34460 Fremont Blvd,      Fremont,37.58,122.04
21,tea-station-newark,3.5,39115 Cedar Blvd,      Newark,37.52,122.01
24,t4-tea-fremont-2,3.5,43430 Mission Blvd,      Fremont,37.53,121.92
25,boba-fitt-drinks-union-city,3.5,31877 Alvarado Blvd,      Union City,37.59,122.07
26,sweet-home-cafe-fremont-2,3.5,6068 Stevenson Blvd,      Fremont,37.52,121.99
29,t4-fremont-8,3.5,46132 Warm Springs Blvd,      Fremont,37.49,121.93
33,sharetea-union-city-3,3.5,34391 Alvarado Niles Rd,      Union City,37.59,122.02
36,caface-newark-2,3.5,6180 Jarvis Ave,      Newark,37.55,122.05
38,mr-green-bubble-union-city,3.5,1644 Decoto Rd,      Union City,37.59,122.02
41,joy-4-tea-union-city,3.5,32148 Alvarado Blvd,      Union City,37.59,122.07
43,icy-blue-fremont,3.5,43360 Mission Blvd,      Fremont,37.53,121.92
47,tapioca-express-union-city-2,3.5,1707 Decoto Rd,      Union City,37.59,122.02
58,plentea-san-francisco-san-francisco,3.5,341 Kearny St,      San Francisco,37.79,122.40
60,purple-kow-san-francisco-2,3.5,3620 Balboa St,      San Francisco,37.78,122.50
68,tpumps-san-francisco,3.5,1916 Irving St,      San Francisco,37.76,122.48
73,bubblecup-san-francisco-2,3.5,1900 Clement St,      San Francisco,37.78,122.48
76,i-tea-san-francisco-2,3.5,2150 Irving St,      San Francisco,37.76,122.48
78,sharetea-san-francisco-3,3.5,135 4th St,      San Francisco,37.78,122.40
79,mi-tea-san-francisco,3.5,645 Irving St,      San Francisco,37.76,122.47
80,bb-tea-station-san-francisco-3,3.5,1314 Noriega St,      San Francisco,37.75,122.48
81,tea-fm-san-francisco-3,3.5,1353 Taraval St,      San Francisco,37.74,122.48
83,mr-and-mrs-tea-house-san-francisco,3.5,544 Clement,      San Francisco,37.78,122.47
84,e-tea-san-francisco,3.5,5344 Geary Blvd,      San Francisco,37.78,122.48
85,gosu-san-francisco,3.5,1014 Clement St,      San Francisco,37.78,122.47
87,cuppa-san-francisco,3.5,2810 Diamond St,      San Francisco,37.73,122.43
90,cool-tea-bar-san-francisco-4,3.5,103 Waverly Pl,      San Francisco,37.79,122.41
94,sweethut-san-francisco,3.5,519 Clement St,      San Francisco,37.78,122.46
95,frostea-daly-city-2,3.5,6178 Mission St,      Daly City,37.71,122.46
96,teaone-san-francisco-5,3.5,5336 Geary Blvd,      San Francisco,37.78,122.48
98,honey-creme-and-tea-san-francisco,3.5,839 Irving St,      San Francisco,37.76,122.47
101,mr-green-bubble-oakland,3.5,4299 Piedmont Ave,      Oakland,37.83,122.25
113,sharetea-alameda-4,3.5,2670 5th St,      Alameda,37.79,122.28
114,purple-kow-berkeley-2,3.5,2164 Center St,      Berkeley,37.87,122.27
115,teaway-alameda,3.5,2402 Central Ave,      Alameda,37.76,122.24
117,sweetheart-cafe-oakland,3.5,315 9th St,      Oakland,37.80,122.27
122,50-tea-oakland,3.5,1004 Webster St,      Oakland,37.80,122.27
126,t4-alameda-2,3.5,1431 A Park St,      Alameda,37.77,122.24
127,teazzert-alameda,3.5,1342 Park St,      Alameda,37.76,122.24
134,quickly-oakland-5,3.5,3306 Lakeshore Ave,      Oakland,37.81,122.24
136,shooting-star-cafe-oakland,3.5,1022 Webster St,      Oakland,37.80,122.27
145,boba-bar-san-jose-3,3.5,310 S 3rd St,      San Jose,37.33,121.88
151,the-tea-zone-and-fruit-bar-san-jose,3.5,980 S Winchester Blvd,      San Jose,37.31,121.95
164,pure-tea-bar-san-jose,3.5,6195 Santa Teresa Blvd,      San Jose,37.24,121.80
167,fantasia-coffee-and-tea-san-jose-4,3.5,378 Santana Row,      San Jose,37.32,121.95
168,monster-boba-cupertino-3,3.5,10787 S Blaney Ave,      Cupertino,37.31,122.02
169,teasociety-san-jose,3.5,1658 E Capitol Expy,      San Jose,37.31,121.81
172,gong-cha-san-jose-19,3.5,1701 Lundy Ave,      San Jose,37.39,121.89
174,sharetea-san-jose-3,3.5,1728 Hostetter Rd,      San Jose,37.39,121.88
175,gong-cha-san-jose-8,3.5,1600 Saratoga Ave,      San Jose,37.29,121.99
179,the-moo-bar-santa-clara,3.5,1080 Kiely Blvd,      Santa Clara,37.35,121.98
181,purple-kow-san-jose-4,3.5,2435 S King Rd,      San Jose,37.32,121.83
183,yobelle-napa-2,3.5,1000 Main St,      Napa,38.30,122.29
186,crave-cafe-and-catering-american-canyon,3.5,3419 Broadway St,      American Canyon,38.17,122.25
188,top-that-frozen-yogurt-sonoma,3.5,531 Broadway Ave,      Sonoma,38.29,122.46
192,green-bamboo-restaurant-fairfield,3.5,4437 Central Pl,      Fairfield,38.22,122.13
193,thai-kitchen-american-canyon,3.5,3425 Broadway St,      American Canyon,38.17,122.25
198,aroma-tapioca-tea-and-coffee-pleasanton,3.5,4833 Hopyard Rd,      Pleasanton,37.69,121.90
200,t4-dublin,3.5,3744 Fallon Rd,      Dublin,37.70,121.85
204,cafe-tapioca-dublin,3.5,7160 Regional St,      Dublin,37.70,121.93
205,quickly-pleasanton,3.5,1 Stoneridge Mall Rd,      Pleasanton,37.70,121.93
209,t4-san-ramon-2,3.5,9140 Alcosta Blvd,      San Ramon,37.73,121.93
211,snowflake-dublin,3.5,4288 Dublin Blvd,      Dublin,37.70,121.88
219,99-ranch-market-pleasanton,3.5,4299 Rosewood Dr,      Pleasanton,37.70,121.87
227,koi-palace-dublin,3.5,Ulferts Ctr,      Dublin,37.70,121.88
231,lees-sandwiches-dublin-2,3.5,4101 Dublin Blvd,      Dublin,37.71,121.87
237,pho-saigon-garden-dublin,3.5,7265 Regional St,      Dublin,37.71,121.93
238,pho-saigon-noodle-house-san-ramon,3.5,9150 Alcosta Blvd,      San Ramon,37.73,121.93
239,85-c-bakery-cafe-newark,3.5,35201 Newark Blvd,      Newark,37.55,122.05
240,blackball-desserts-union-city-union-city,3.5,34563 Alvarado Niles Rd,      Union City,37.59,122.02
247,bambu-newark-2,3.5,6058 Mowry Ave,      Newark,37.52,122.01
248,bambu-union-city-2,3.5,31812-31822 Alvarado Blvd,      Union City,37.59,122.07
253,milkcow-fremont-2,3.5,5657 Auto Mall Pkwy,      Fremont,37.50,121.98
256,t4-hayward-3,3.5,1033 B St,      Hayward,37.67,122.08
258,teaster-hayward-2,3.5,410 W A St,      Hayward,37.67,122.11
264,tpumps-cupertino,3.5,19959 Stevens Creek Blvd,      Cupertino,37.32,122.02
265,super-cue-cafe-cupertino,3.5,19620 Stevens Creek Blvd,      Cupertino,37.32,122.02
269,hechaa-cupertino-4,3.5,10619 S De Anza Blvd,      Cupertino,37.31,122.03
272,what8ver-express-cupertino-2,3.5,10118 Bandley Dr,      Cupertino,37.32,122.03
274,cafe-lattea-cupertino,3.5,19501 Stevens Creek Blvd,      Cupertino,37.32,122.01
278,verde-tea-house-cupertino-2,3.5,10477 S De Anza Blvd,      Cupertino,37.32,122.03
283,teaspoon-mountain-view,3.5,236 Castro St,      Mountain View,37.39,122.08
285,verde-tea-cafe-mountain-view,3.5,852 Villa St,      Mountain View,37.39,122.08
286,teafans-sunnyvale,3.5,927 E Arques Ave,      Sunnyvale,37.38,122.01
287,85-c-bakery-cafe-san-jose-5,3.5,1183 S De Anza Blvd,      San Jose,37.30,122.03
289,bambu-sunnyvale-2,3.5,189 W Washington Ave,      Sunnyvale,37.38,122.03
292,ocha-tea-café-and-restaurant-mountain-view-2,3.5,1350 Grant Rd,      Mountain View,37.38,122.08
293,bubble-bay-tea-santa-clara,3.5,4300 Great America Pkwy,      Santa Clara,37.39,121.98
294,jazen-tea-san-jose-4,3.5,1089 S De Anza Blvd,      San Jose,37.31,122.03
295,comebuy-tea-and-coffee-santa-clara,3.5,2712 Augustine Dr,      Santa Clara,37.38,121.98
296,music-tunnel-ktv-cafe-san-jose-2,3.5,1132 S De Anza Blvd,      San Jose,37.31,122.03
297,jazen-tea-santa-clara-3,3.5,3147 Mission College Blvd,      Santa Clara,37.39,121.98
307,rice-paper-bistro-livermore,3.5,1548 N Vasco Rd,      Livermore,37.72,121.72
316,t4-palo-alto-2,3.5,165 University Ave,      Palo Alto,37.44,122.16
317,pearl-cafe-mountain-view,3.5,506A Showers Dr,      Mountain View,37.40,122.11
321,teasociety-milpitas,3.5,55 N Milpitas Blvd,      Milpitas,37.43,121.90
322,t4-milpitas,3.5,540 Barber Ln,      Milpitas,37.42,121.92
327,sno-crave-tea-house-milpitas,3.5,1777 N Milpitas Blvd,      Milpitas,37.46,121.91
328,sancha-bar-milpitas,3.5,279 Jacklin Rd,      Milpitas,37.45,121.90
329,chick-and-tea-milpitas-4,3.5,1723 N Milpitas Blvd,      Milpitas,37.46,121.91
330,t4-san-jose,3.5,1671 N Capitol Ave,      San Jose,37.40,121.87
331,queens-cafe-milpitas,3.5,372 Barber Ln,      Milpitas,37.42,121.92
336,85-c-bakery-cafe-milpitas-2,3.5,672 Barber Ln,      Milpitas,37.42,121.92
337,simpletea-milpitas,3.5,1535 Landess Ave,      Milpitas,37.42,121.88
338,bambu-milpitas-7,3.5,89 S Park Victoria Dr,      Milpitas,37.43,121.88
348,pokélove-palo-alto,3.5,855 El Camino Real,      Palo Alto,37.44,122.16
350,tea-time-palo-alto,3.5,542 Ramona St,      Palo Alto,37.44,122.16
352,happy-donuts-palo-alto,3.5,3916 El Camino Real,      Palo Alto,37.42,122.13
353,quickly-sunnyvale-4,3.5,415 N Mary Ave,      Sunnyvale,37.39,122.04
356,coupa-café-palo-alto-3,3.5,538 Ramona St,      Palo Alto,37.44,122.16
357,cream-palo-alto-3,3.5,440 University Ave,      Palo Alto,37.45,122.16
360,coupa-café-lytton-palo-alto,3.5,111 Lytton Ave,      Palo Alto,37.44,122.17
361,green-bakery-and-café-los-altos-11,3.5,692 Fremont Ave,      Los Altos,37.36,122.10
362,wild-berry-yogurt-menlo-park,3.5,325 Sharon Park Dr,      Menlo Park,37.42,122.20
363,the-posh-bagel-los-altos,3.5,310 Main St,      Los Altos,37.38,122.12
364,paris-baguette-palo-alto,3.5,383 University Ave,      Palo Alto,37.45,122.16
366,rojoz-gourmet-wraps-palo-alto-2,3.5,3906 Middlefield Rd,      Palo Alto,37.42,122.11
369,coupa-cafe-green-library-stanford,3.5,571 Escondido Mall,      Stanford,37.43,122.17
370,dohatsuten-palo-alto,3.5,799 San Antonio Rd,      Palo Alto,37.42,122.10
372,nekter-juice-bar-mountain-view,3.5,685 San Antonio Rd,      Mountain View,37.40,122.11
374,koma-sushi-restaurant-menlo-park-3,3.5,211 El Camino Real,      Menlo Park,37.45,122.17
377,hotpot-first-sunnyvale,3.5,1149 N Lawrence Expy,      Sunnyvale,37.40,122.00
378,bean-scene-sunnyvale,3.5,186 S Murphy Ave,      Sunnyvale,37.38,122.03
379,sharetea-santa-clara-7,3.5,2855 Stevens Creek Blvd,      Santa Clara,37.33,121.94
381,honeyberry-santa-clara,3.5,3488 El Camino Real,      Santa Clara,37.35,121.99
384,frozos-frozen-yogurt-santa-clara,3.5,1000 Lafayette St,      Santa Clara,37.35,121.94
385,cool-tea-bar-south-san-francisco-4,3.5,630 El Camino Real,      South San Francisco,37.65,122.43
396,t4-millbrae-10,3.5,315 Broadway,      Millbrae,37.60,122.39
398,boba-dude-half-moon-bay,3.5,80 Cabrillo Hwy N,      Half Moon Bay,37.47,122.44
400,gong-cha-san-mateo-2,3.5,110 S B St,      San Mateo,37.57,122.32
401,bambu-south-san-francisco,3.5,2223 Gellert Blvd,      South San Francisco,37.65,122.45
402,super-cue-cafe-san-mateo-2,3.5,2986 S Norfolk St,      San Mateo,37.54,122.29
405,chatime-san-mateo-2,3.5,165 E 4th Ave,      San Mateo,37.56,122.32
408,chatime-foster-city,3.5,969A Edgewater Blvd,      Foster City,37.54,122.27
409,quickly-san-mateo,3.5,142 E 3rd Ave,      San Mateo,37.56,122.32
413,dessert-republic-san-mateo,3.5,138 Main St,      San Mateo,37.57,122.32
418,quickly-burlingame-2,3.5,1407 Burlingame Ave,      Burlingame,37.58,122.35
427,never-too-latte-san-bruno-2,3.5,486 San Mateo Ave,      San Bruno,37.62,122.41
433,bobo-drinks-fairfield-2,3.5,1305 Gateway Blvd,      Fairfield,38.26,122.05
441,quickly-vallejo-12,3.5,145 Plaza Dr,      Vallejo,38.13,122.22
451,bobaloca-concord-4,3.5,1843 Willow Pass Rd,      Concord,37.97,122.04
452,teabo-café-davis,3.5,2191 Cowell Blvd,      Davis,38.54,121.72
453,lazi-cow-davis,3.5,407 G St,      Davis,38.55,121.74
455,t4-concord-concord,3.5,2151 Salvio St,      Concord,37.98,122.03
456,dragon-snow-el-sobrante,3.5,3550 San Pablo Dam Rd,      El Sobrante,37.96,122.32
457,cj-fusion-fairfield,3.5,201 Travis Blvd,      Fairfield,38.26,122.04
458,gong-cha-davis,3.5,1411 W Covell Blvd,      Davis,38.56,121.77
459,suisun-seafood-center-suisun-city,3.5,303 Lawler Center Dr,      Suisun City,38.24,122.02
460,teaone-davis,3.5,213 E St,      Davis,38.54,121.74
465,sharetea-davis-davis-2,3.5,207 3rd St,      Davis,38.54,121.75
467,pho-lee-hoa-phat-fairfield,3.5,870 E Travis,      Fairfield,38.26,122.02
475,quickly-antioch-2,3.5,212 E 18th St,      Antioch,38.00,121.80
476,pho-lee-hoa-phat-vacaville,3.5,88 Peabody Rd,      Vacaville,38.35,121.98
478,t4-walnut-creek,3.5,1815 Ygnacio Valley Rd,      Walnut Creek,37.92,122.04
479,chalogy-tea-bar-walnut-creek-4,3.5,1349 Locust St,      Walnut Creek,37.90,122.06
480,mr-green-bubble-walnut-creek-2,3.5,1539 Locust St,      Walnut Creek,37.90,122.06
484,t4-and-poke-walnut-creek,3.5,1385C N Main St,      Walnut Creek,37.90,122.06
488,surf-city-squeeze-concord,3.5,282 Sun Valley Mall,      Concord,37.97,122.06
491,i-love-teriyaki-and-sushi-concord-2,3.5,1950 Salvio St,      Concord,37.98,122.04
493,saigon-bistro-concord,3.5,1701 Willow Pass Rd,      Concord,37.97,122.04
494,99-ranch-market-concord-2,3.5,1795 Willow Pass Rd,      Concord,37.97,122.04
495,double-rainbow-cafe-benicia,3.5,560 1st St,      Benicia,38.05,122.16
498,pho-huynh-hiep-5-kevins-noodle-house-concord,3.5,1833 Willow Pass Rd,      Concord,37.98,122.04
499,pho-lee-hoa-phat-pleasant-hill,3.5,508 Contra Costa Blvd,      Pleasant Hill,37.98,122.07
501,smitten-ice-cream-lafayette,3.5,3545 Mt Diablo Blvd,      Lafayette,37.89,122.12
508,surf-city-squeeze-antioch,3.5,2556 Somersville Rd,      Antioch,38.00,121.84
511,yo-sushi-martinez,3.5,1029 Arnold Dr,      Martinez,38.00,122.11
514,saigon-bistro-restaurant-pittsburg,3.5,4285 Century Blvd,      Pittsburg,38.01,121.84
515,pho-lee-hoa-phat-pittsburg-5,3.5,140 E Leland Rd,      Pittsburg,38.01,121.89
517,little-hearty-noodle-moraga-2,3.5,578 Center St,      Moraga,37.86,122.13
518,bubble-loca-richmond,3.5,3288 Pierce St,      Richmond,37.90,122.31
520,tala-coffee-and-tea-el-cerrito-2,3.5,10734 San Pablo Ave,      El Cerrito,37.91,122.31
521,sharetea-san-rafael-3,3.5,967 Grand Ave,      San Rafael,37.97,122.52
522,tpartea-boba-drinks-and-banh-mi-san-rafael-3,3.5,5800 Northgate Dr,      San Rafael,38.00,122.54
523,sunny-day-sweet-house-richmond,3.5,3288 Pierce St,      Richmond,37.90,122.31
527,tay-tah-cafe-albany,3.5,1182 Solano Ave,      Albany,37.89,122.30
528,sweetheart-cafe-berkeley,3.5,2523 Durant Ave,      Berkeley,37.87,122.26
529,teaone-berkeley-berkeley,3.5,2380 Telegraph Ave,      Berkeley,37.87,122.26
535,t4-castro-valley,3.5,18911 Lake Chabot Rd,      Castro Valley,37.71,122.09
539,milkcow-castro-valley,3.5,3223 Castro Valley Blvd,      Castro Valley,37.70,122.08
540,satori-tea-company-saratoga,3.5,14482 Big Basin Way,      Saratoga,37.26,122.03
543,snowflake-san-jose,3.5,4306 Moorpark Ave,      San Jose,37.32,121.98
545,yodo-yogurt-campbell,3.5,2475 S Winchester Blvd,      Campbell,37.28,121.95
548,jovie-coffee-and-pho-campbell,3.5,136 N San Tomas Aquino,      Campbell,37.29,121.98
549,tous-les-jours-santa-clara,3.5,3535 Homestead Rd,      Santa Clara,37.34,121.99
555,yo-sushi-vallejo-2,3.5,114 Robles Way,      Vallejo,38.08,122.21
556,midori-japanese-cuisine-vallejo,3.5,3440 Sonoma Blvd,      Vallejo,38.12,122.25
564,pho-new-saigon-foster-city,3.5,1088 Foster City Blvd,      Foster City,37.55,122.26
567,cooking-papa-restaurant-foster-city,3.5,949A Edgewater Blvd,      Foster City,37.54,122.27
571,myung-dong-tofu-cabin-san-mateo,3.5,2968 S Norfolk St,      San Mateo,37.54,122.28
573,east-14th-bakery-and-cafe-san-leandro-3,3.5,1780 E 14th St,      San Leandro,37.72,122.15
574,tapioca-express-san-leandro,3.5,129 W Joaquin Ave,      San Leandro,37.72,122.16
576,sweethoney-dessert-san-leandro-3,3.5,1423 E 14th St,      San Leandro,37.72,122.15
577,hanoi-chicken-noodle-san-leandro,3.5,13720 Doolittle Dr,      San Leandro,37.70,122.18
580,d-t-dim-sum-and-tea-san-leandro,3.5,1970 Lewelling Blvd,      San Leandro,37.68,122.15
583,quickly-san-lorenzo,3.5,17940 Hesperian Blvd,      San Lorenzo,37.67,122.12
584,tapioca-express-alameda,3.5,2306 Encinal Ave,      Alameda,37.76,122.24
588,pho-an-hoa-san-leandro,3.5,14391 Washington Ave,      San Leandro,37.70,122.14
589,tuttimelon-alameda,3.5,2402 Central Ave,      Alameda,37.76,122.24
592,hot-spot-alameda,3.5,2321 Santa Clara Ave,      Alameda,37.77,122.24
595,pho-anh-ha-san-leandro,3.5,2089 E 14th St,      San Leandro,37.72,122.15
596,craw-station-san-leandro,3.5,15040 Farnsworth St,      San Leandro,37.69,122.15
599,foodnet-supermarket-san-leandro-2,3.5,1960 Lewelling Blvd,      San Leandro,37.68,122.15
20,tata-teahouse-fremont-2,3.0,39230 Argonaut Way,      Fremont,37.54,121.99
22,sno-crave-tea-house-fremont,3.0,43773 Boscell Rd,      Fremont,37.50,121.97
31,t4-fremont-3,3.0,36400 Fremont Blvd,      Fremont,37.56,122.02
107,t4-oakland,3.0,1068 Webster St,      Oakland,37.80,122.27
125,u-tea-cafe-oakland,3.0,1728 A Franklin St,      Oakland,37.81,122.27
185,napa-noodles-napa,3.0,1124 1st St,      Napa,38.30,122.29
207,tea-breeze-pleasanton,3.0,4275 Rosewood Dr,      Pleasanton,37.70,121.87
222,berry-delight-pleasanton,3.0,1008 Stoneridge Mall Rd,      Pleasanton,37.69,121.93
224,tutti-frutti-frozen-yogurt-dublin,3.0,4930 Dublin Blvd,      Dublin,37.70,121.89
229,pho-saigon-city-pleasanton,3.0,4275 Rosewood Dr,      Pleasanton,37.70,121.87
232,osaka-ramen-dublin,3.0,4288 Dublin Blvd,      Dublin,37.71,121.88
235,halu-shabu-shabu-dublin,3.0,4288 Dublin Blvd,      Dublin,37.70,121.88
246,q-cup-fremont,3.0,39129 Fremont Blvd,      Fremont,37.55,121.99
268,meet-fresh-cupertino,3.0,19449 Stevens Creek Blvd,      Cupertino,37.32,122.01
277,tea-chansii-cupertino,3.0,19449 Stevens Creek Blvd,      Cupertino,37.32,122.01
299,quickly-cupertino,3.0,21265 Stevens Creek Blvd,      Cupertino,37.32,122.05
305,t4-san-ramon-3,3.0,11020 Bollinger Canyon Rd,      San Ramon,37.77,121.92
315,jazen-tea-mountain-view-3,3.0,220 Castro St,      Mountain View,37.39,122.08
318,tapioca-express-mountain-view,3.0,740 Villa St,      Mountain View,37.39,122.08
334,black-pearl-san-jose-2,3.0,1055 E Brokaw Rd,      San Jose,37.38,121.90
339,fantasia-coffee-and-tea-santa-clara,3.0,3969 Rivermark Plz,      Santa Clara,37.40,121.95
355,quickly-redwood-city,3.0,300 Walnut St,      Redwood City,37.49,122.22
410,fresh-nation-desserts-san-mateo-2,3.0,30 E 3rd Ave,      San Mateo,37.56,122.33
420,quickly-foster-city-3,3.0,969k Edgewater Blvd,      Foster City,37.54,122.27
423,boiling-point-san-mateo,3.0,111 E 4th Ave,      San Mateo,37.56,122.32
430,sweet-indulgence-millbrae-3,3.0,298 Broadway,      Millbrae,37.60,122.39
434,t4-tea-for-u-fairfield,3.0,2700 N Texas St,      Fairfield,38.28,122.03
445,tapioca-express-vallejo,3.0,3720 Sonoma Blvd,      Vallejo,38.13,122.26
469,noodle-house-fairfield-2,3.0,1305 Gateway Blvd,      Fairfield,38.26,122.05
470,sisig-suisun-city-3,3.0,303 Lawler Center Dr,      Suisun City,38.24,122.02
473,vampire-penguin-brentwood-2,3.0,2545 Sand Creek Rd,      Brentwood,37.95,121.74
482,quickly-concord-5,3.0,4115 Concord Blvd,      Concord,37.98,121.99
497,jollibee-concord,3.0,2030 Diamond Blvd,      Concord,37.97,122.06
513,pho-hoa-an-pleasant-hill,3.0,1617 Contra Costa Blvd,      Pleasant Hill,37.95,122.06
526,quickly-el-cerrito,3.0,3080 El Cerrito Plz,      El Cerrito,37.90,122.30
531,quickly-san-rafael,3.0,1128 4th St,      San Rafael,37.97,122.53
547,bar-code-santa-clara,3.0,2855 Stevens Crk Blvd,      Santa Clara,37.33,121.95
553,sunshine-bakery-vallejo-3,3.0,3570 Sonoma Blvd,      Vallejo,38.12,122.25
554,original-red-onion-vallejo-2,3.0,1321 Springs Rd,      Vallejo,38.11,122.23
557,pho-lee-hoa-phat-vallejo-2,3.0,102 Springstowne Ctr,      Vallejo,38.10,122.22
559,pho-lee-hoa-phat-2-vallejo-3,3.0,3495 Sonoma Blvd,      Vallejo,38.12,122.26
560,chowking-vallejo,3.0,3495 Sonoma Blvd,      Vallejo,38.12,122.26
566,marina-food-san-mateo,3.0,2992 S Norfolk St,      San Mateo,37.54,122.28
568,sheng-kee-bakery-san-mateo-2,3.0,2964 S Norfolk St,      San Mateo,37.55,122.28
570,pho-little-saigon-san-mateo,3.0,2978 S Norfolk St,      San Mateo,37.54,122.28
572,bagel-street-cafe-redwood-city,3.0,254 Redwood Shores Pkwy,      Redwood City,37.52,122.25
586,quickly-castro-valley,3.0,20893 Redwood Rd,      Castro Valley,37.69,122.07
602,alohana-hawaiian-grill-san-leandro,3.0,15555 E 14th St,      San Leandro,37.70,122.13
131,sancha-bar-oakland-3,2.5,251 9th St,      Oakland,37.80,122.27
187,quickly-american-canyon-3,2.5,410 Napa Junction Rd,      American Canyon,38.18,122.25
189,over-the-top-shop-frozen-yogurt-american-canyon,2.5,5075 Main St,      American Canyon,38.18,122.25
206,letea-pleasanton-2,2.5,4299 Rosewood Dr,      Pleasanton,37.70,121.87
212,quickly-dublin,2.5,4288 Dublin Blvd,      Dublin,37.71,121.88
228,berry-and-berry-yogurt-livermore,2.5,2774 Livermore Outlets Dr,      Livermore,37.70,121.84
341,quickly-milpitas-2,2.5,1350 S Park Victoria Dr,      Milpitas,37.42,121.87
375,the-axe-and-palm-stanford,2.5,Old Union Stanford University,      Stanford,37.43,122.17
380,jazen-tea-santa-clara-santa-clara,2.5,3484 El Camino Real,      Santa Clara,37.35,121.99
383,youji-fresh-rolls-wine-and-tea-santa-clara,2.5,2855 Stevens Creek Blvd,      Santa Clara,37.33,121.94
437,quickly-fairfield-3,2.5,1350 Travis Blvd,      Fairfield,38.26,122.05
443,quickly-vacaville,2.5,1667 E Monte Vista Ave,      Vacaville,38.37,121.96
483,quickly-concord,2.5,1657 Willow Pass Rd,      Concord,37.97,122.04
536,quickly-hayward,2.5,25034 Hesperian Blvd,      Hayward,37.64,122.10
546,caffé-central-santa-clara,2.5,2855 Stevens Creek Blvd,      Santa Clara,37.33,121.94
575,quickly-san-leandro,2.5,15251 Hesperian Blvd,      San Leandro,37.70,122.13
585,leisure-cafe-san-leandro-2,2.5,1443 E 14th St,      San Leandro,37.72,122.15
371,panda-express-mountain-view-2,2.0,1035 El Monte Ave,      Mountain View,37.39,122.10
530,quickly-kobe-bento-richmond-2,2.0,3288 Pierce St,      Richmond,37.90,122.31
578,loving-tea-san-leandro,2.0,1338 Fairmont Dr,      San Leandro,37.70,122.13
587,china-kitchen-express-san-leandro,2.0,13780 E 14th St,      San Leandro,37.72,122.14
